"Message",Low,"Starting .NET Native compilation"
"Message",Low,""
"Message",Low,""
"Message",Low,"Task ""Gatekeeper"""
"Message",Normal,"Launching 'C:\Users\rautt\.nuget\packages\microsoft.net.native.compiler\1.7.0\tools\x86\ilc\Tools\Gatekeeper.exe @""C:\Users\rautt\source\repos\T9_Project2\T9_Project2\obj\x86\Release\ilc\intermediate\gkargs.rsp""'"
"Message",Low,"Microsoft (R) .NET Native Gatekeeper Version 1.7.25531.01 "
"Message",Low,"Copyright (C) Microsoft Corporation.  All rights reserved. "
"Message",Low," "
"Message",Low,"Checking assembly 'C:\Users\rautt\source\repos\T9_Project2\T9_Project2\obj\x86\Release\ilc\in\T9_Project2.exe'. "
"Message",Normal,"'C:\Users\rautt\.nuget\packages\microsoft.net.native.compiler\1.7.0\tools\x86\ilc\Tools\Gatekeeper.exe @""C:\Users\rautt\source\repos\T9_Project2\T9_Project2\obj\x86\Release\ilc\intermediate\gkargs.rsp""' completed."
"Message",Normal,"Process execution statistics (all times in milliseconds)"
"Message",Normal,"-----------------------------------------------------------------------------"
"Message",Normal,"launch  |  start   |   stop   |   end    | duration | lifetime | [slot] name"
"Message",Normal,"-----------------------------------------------------------------------------"
"Message",Normal,"       0 |       31 |      688 |      688 |      657 |      688 | [0] Gatekeeper"
"Message",Normal,"Number of commands:      1"
"Message",Normal,"Total system time:       703 ms"
"Message",Normal,"System time per command: 703 ms"
"Message",Normal,"Total duration:          657 ms"
"Message",Normal,"Total lifetime:          688 ms"
"Message",Normal,"Requested DOP:           8"
"Message",Normal,"Duration DOP:            0.9"
"Message",Normal,"Lifetime DOP:            1.0"
"Message",Low,"Done executing task ""Gatekeeper""."
"Message",Low,"Done building target ""RunGatekeeper"" in file ""Preparation""."
"Message",Low,""
"Message",Low,"Task ""InjectWindowsRuntimeTypeForwards"""
"Message",Normal,"Running 'InjectWindowsRuntimeTypeForwards' transform, heap at 14 MB."
"Message",Normal,"Running 'WriteAssemblies' transform, heap at 18 MB."
"Message",Normal,""
"Message",Normal,"Transform summary"
"Message",Normal,"    ms | heap delta | name"
"Message",Normal,"   157 |          4 | InjectWindowsRuntimeTypeForwards"
"Message",Normal,"    87 |          2 | WriteAssemblies"
"Message",Low,"Done executing task ""InjectWindowsRuntimeTypeForwards""."
"Message",Low,"Done building target ""InjectWindowRuntimeTypeForwards"" in file ""Preparation""."
"Message",Low,""
"Message",Low,"Task ""PreResolveAssemblyClosure"""
"Message",Low,"Done executing task ""PreResolveAssemblyClosure""."
"Message",Low,"Done building target ""PreResolveTransforms"" in file ""Preparation""."
"Message",Low,""
"Message",Low,"Task ""InitialAssemblyClosure"""
"Message",Low,"Done executing task ""InitialAssemblyClosure""."
"Message",Low,"Task ""ResolveInitialReferencesAssemblyClosure1"""
"Message",Low,"Done executing task ""ResolveInitialReferencesAssemblyClosure1""."
"Message",Low,"Task ""ResolveInitialReferencesAssemblyClosure2"""
"Message",Low,"Done executing task ""ResolveInitialReferencesAssemblyClosure2""."
"Message",Low,"Done building target ""ResolveInitialReferences"" in file ""Preparation""."
"Message",Low,"Done building project ""Preparation""."
"Message",Low,""
"Message",Low,""
"Message",High,"Processing application code"
"Message",Low,"Task ""ValidateSimpleNames"""
"Message",Low,"Done executing task ""ValidateSimpleNames""."
"Message",Low,"Task ""McgContractsResolveFilePath"""
"Message",Low,"Done executing task ""McgContractsResolveFilePath""."
"Message",Low,"Task ""McgFacadeResolveFilePath"""
"Message",Low,"Done executing task ""McgFacadeResolveFilePath""."
"Message",Low,"Task ""FinalAssemblyClosureRootsResolveFilePaths"""
"Message",Low,"Done executing task ""FinalAssemblyClosureRootsResolveFilePaths""."
"Message",Low,"Task ""FinalAssemblyClosure"""
"Message",Low,"Done executing task ""FinalAssemblyClosure""."
"Message",Low,"Task ""RunILTransforms"""
"Message",Normal,"Running 'Analysis' transform, heap at 38 MB."
"Message",Low,"Loading 59 modules..."
"Message",Normal,"Imported reflection directives from 7 files:"
"Message",Normal,"C:\Users\rautt\source\repos\T9_Project2\T9_Project2\obj\x86\Release\ilc\in\Properties\Default.rd.xml"
"Message",Normal,"Embedded manifest in System.Diagnostics.Tracing: Resources.System.Diagnostics.Tracing.rd.xml"
"Message",Normal,"Embedded manifest in System.Private.Reflection: System.Private.Reflection.rd.xml"
"Message",Normal,"Embedded manifest in System.Private.CoreLib: Resources.System.Private.CoreLib.rd.xml"
"Message",Normal,"Embedded manifest in System.Private.Uri: Resources.System.Private.Uri.rd.xml"
"Message",Normal,"Embedded manifest in System.Private.Reflection.Core: System.Private.Reflection.Core.rd.xml"
"Message",Normal,"Embedded manifest in System.Private.Interop: Resources.System.Private.Interop.rd.xml"
"Message",Normal,"Imported XAML Roots from 1 files:"
"Message",Normal,"C:\Users\rautt\source\repos\T9_Project2\T9_Project2\obj\x86\Release\ilc\in\T9_Project2.xr.xml"
"Message",Normal,"Running 'Mcg' transform, heap at 104 MB."
"Message",High,"Computing application closure and generating interop code"
"Message",Normal,"  List of .lib files:"
"Message",Normal,"      WindowsApp.lib"
"Message",Normal,"      winsqlite3.lib"
"Message",Normal,"  List of .lib search paths:"
"Message",Normal,"      C:\Program Files (x86)\Windows Kits\10\lib\10.0.15063.0\um\x86"
"Message",Normal,"  Loading exports from libs..."
"Message",Normal,"      2875 exports read from 'C:\Program Files (x86)\Windows Kits\10\lib\10.0.15063.0\um\x86\WindowsApp.lib'."
"Message",Normal,"      237 exports read from 'C:\Program Files (x86)\Windows Kits\10\lib\10.0.15063.0\um\x86\winsqlite3.lib'."
"Message",High,"  Loading 59 modules..."
"Message",Normal,"          P/Invoke 'RhWaitForPendingFinalizers' with [DllImport(ExactSpelling=true)] resolved to '[MRT]!RhWaitForPendingFinalizers'."
"Message",Normal,"          P/Invoke 'RhYield' with [DllImport(ExactSpelling=true)] resolved to '[MRT]!RhYield'."
"Message",Normal,"          P/Invoke 'RhCompatibleReentrantWaitAny' with [DllImport(ExactSpelling=true)] resolved to '[MRT]!RhCompatibleReentrantWaitAny'."
"Message",Normal,"          P/Invoke '_ecvt_s' with [DllImport(ExactSpelling=true)] resolved to '[MRT]!_ecvt_s'."
"Message",Normal,"          P/Invoke 'memmove' with [DllImport(ExactSpelling=true)] resolved to '[MRT]!memmove'."
"Message",Normal,"          P/Invoke 'CallingConventionConverter_GetStubs' with [DllImport(ExactSpelling=true)] resolved to '*!CallingConventionConverter_GetStubs'."
"Message",Normal,"          P/Invoke 'GetLastError' resolved to 'api-ms-win-core-errorhandling-l1-1-1.dll!GetLastError' from 'C:\Program Files (x86)\Windows Kits\10\lib\10.0.15063.0\um\x86\WindowsApp.lib'."
"Message",Normal,"          P/Invoke 'RoInitialize' resolved to 'api-ms-win-core-winrt-l1-1-0.dll!RoInitialize' from 'C:\Program Files (x86)\Windows Kits\10\lib\10.0.15063.0\um\x86\WindowsApp.lib'."
"Message",Normal,"          P/Invoke 'IsValidLocaleName' resolved to 'api-ms-win-core-localization-l1-2-1.dll!IsValidLocaleName' from 'C:\Program Files (x86)\Windows Kits\10\lib\10.0.15063.0\um\x86\WindowsApp.lib'."
"Message",Normal,"          P/Invoke 'ResolveLocaleName' resolved to 'api-ms-win-core-localization-l1-2-1.dll!ResolveLocaleName' from 'C:\Program Files (x86)\Windows Kits\10\lib\10.0.15063.0\um\x86\WindowsApp.lib'."
"Message",Normal,"          P/Invoke 'GetCPInfoExW' resolved to 'api-ms-win-core-localization-l1-2-1.dll!GetCPInfoExW' from 'C:\Program Files (x86)\Windows Kits\10\lib\10.0.15063.0\um\x86\WindowsApp.lib'."
"Message",Normal,"          P/Invoke 'CoCreateInstance' with [DllImport(ExactSpelling=true)] resolved to 'api-ms-win-core-com-l1-1-0.dll!CoCreateInstance'."
"Message",Normal,"          P/Invoke '#6' resolved to 'oleaut32.dll!#6' from 'C:\Program Files (x86)\Windows Kits\10\lib\10.0.15063.0\um\x86\WindowsApp.lib'."
"Message",Normal,"          P/Invoke 'GetFileType' resolved to 'api-ms-win-core-file-l1-2-1.dll!GetFileType' from 'C:\Program Files (x86)\Windows Kits\10\lib\10.0.15063.0\um\x86\WindowsApp.lib'."
"Message",Normal,"          P/Invoke 'GetFileInformationByHandleEx' resolved to 'api-ms-win-core-file-l2-1-1.dll!GetFileInformationByHandleEx' from 'C:\Program Files (x86)\Windows Kits\10\lib\10.0.15063.0\um\x86\WindowsApp.lib'."
"Message",Normal,"          P/Invoke 'CreateThreadpoolIo' resolved to 'api-ms-win-core-threadpool-l1-2-0.dll!CreateThreadpoolIo' from 'C:\Program Files (x86)\Windows Kits\10\lib\10.0.15063.0\um\x86\WindowsApp.lib'."
"Message",Normal,"          P/Invoke 'SetFilePointerEx' resolved to 'api-ms-win-core-file-l1-2-1.dll!SetFilePointerEx' from 'C:\Program Files (x86)\Windows Kits\10\lib\10.0.15063.0\um\x86\WindowsApp.lib'."
"Message",Normal,"          P/Invoke 'GetFileAttributesExW' resolved to 'api-ms-win-core-file-l1-2-1.dll!GetFileAttributesExW' from 'C:\Program Files (x86)\Windows Kits\10\lib\10.0.15063.0\um\x86\WindowsApp.lib'."
"Message",Normal,"          P/Invoke 'FindFirstFileExW' resolved to 'api-ms-win-core-file-l1-2-1.dll!FindFirstFileExW' from 'C:\Program Files (x86)\Windows Kits\10\lib\10.0.15063.0\um\x86\WindowsApp.lib'."
"Message",Normal,"          P/Invoke 'SetEndOfFile' resolved to 'api-ms-win-core-file-l1-2-1.dll!SetEndOfFile' from 'C:\Program Files (x86)\Windows Kits\10\lib\10.0.15063.0\um\x86\WindowsApp.lib'."
"Message",Normal,"          P/Invoke 'CreateFile2' resolved to 'api-ms-win-core-file-l1-2-1.dll!CreateFile2' from 'C:\Program Files (x86)\Windows Kits\10\lib\10.0.15063.0\um\x86\WindowsApp.lib'."
"Message",Normal,"          P/Invoke 'CloseHandle' resolved to 'api-ms-win-core-handle-l1-1-0.dll!CloseHandle' from 'C:\Program Files (x86)\Windows Kits\10\lib\10.0.15063.0\um\x86\WindowsApp.lib'."
"Message",Normal,"          P/Invoke 'FindClose' resolved to 'api-ms-win-core-file-l1-2-1.dll!FindClose' from 'C:\Program Files (x86)\Windows Kits\10\lib\10.0.15063.0\um\x86\WindowsApp.lib'."
"Message",Normal,"          P/Invoke 'CloseThreadpoolIo' resolved to 'api-ms-win-core-threadpool-l1-2-0.dll!CloseThreadpoolIo' from 'C:\Program Files (x86)\Windows Kits\10\lib\10.0.15063.0\um\x86\WindowsApp.lib'."
"Message",Normal,"          P/Invoke 'ReadFile' resolved to 'api-ms-win-core-file-l1-2-1.dll!ReadFile' from 'C:\Program Files (x86)\Windows Kits\10\lib\10.0.15063.0\um\x86\WindowsApp.lib'."
"Message",Normal,"          P/Invoke 'ReadFile' resolved to 'api-ms-win-core-file-l1-2-1.dll!ReadFile' from 'C:\Program Files (x86)\Windows Kits\10\lib\10.0.15063.0\um\x86\WindowsApp.lib'."
"Message",Normal,"          P/Invoke 'WriteFile' resolved to 'api-ms-win-core-file-l1-2-1.dll!WriteFile' from 'C:\Program Files (x86)\Windows Kits\10\lib\10.0.15063.0\um\x86\WindowsApp.lib'."
"Message",Normal,"          P/Invoke 'WriteFile' resolved to 'api-ms-win-core-file-l1-2-1.dll!WriteFile' from 'C:\Program Files (x86)\Windows Kits\10\lib\10.0.15063.0\um\x86\WindowsApp.lib'."
"Message",Normal,"          P/Invoke 'RoGetBufferMarshaler' resolved to 'api-ms-win-core-winrt-robuffer-l1-1-0.dll!RoGetBufferMarshaler' from 'C:\Program Files (x86)\Windows Kits\10\lib\10.0.15063.0\um\x86\WindowsApp.lib'."
"Message",Normal,"          P/Invoke 'StartThreadpoolIo' resolved to 'api-ms-win-core-threadpool-l1-2-0.dll!StartThreadpoolIo' from 'C:\Program Files (x86)\Windows Kits\10\lib\10.0.15063.0\um\x86\WindowsApp.lib'."
"Message",Normal,"          P/Invoke 'CancelThreadpoolIo' resolved to 'api-ms-win-core-threadpool-l1-2-0.dll!CancelThreadpoolIo' from 'C:\Program Files (x86)\Windows Kits\10\lib\10.0.15063.0\um\x86\WindowsApp.lib'."
"Message",Normal,"          P/Invoke 'CancelIoEx' resolved to 'api-ms-win-core-io-l1-1-1.dll!CancelIoEx' from 'C:\Program Files (x86)\Windows Kits\10\lib\10.0.15063.0\um\x86\WindowsApp.lib'."
"Message",Normal,"          P/Invoke 'FlushFileBuffers' resolved to 'api-ms-win-core-file-l1-2-1.dll!FlushFileBuffers' from 'C:\Program Files (x86)\Windows Kits\10\lib\10.0.15063.0\um\x86\WindowsApp.lib'."
"Message",Normal,"          P/Invoke 'FormatMessageW' resolved to 'api-ms-win-core-localization-l1-2-1.dll!FormatMessageW' from 'C:\Program Files (x86)\Windows Kits\10\lib\10.0.15063.0\um\x86\WindowsApp.lib'."
"Message",High,"  Generating code..."
"Message",High,"  Interop code generated."
"Message",Normal,"  Written code to AssemblyInfo.g.cs"
"Message",Normal,"  Written code to Adapters.g.cs"
"Message",Normal,"  Written code to Data.g.cs"
"Message",Normal,"  Written code to Helpers.g.cs"
"Message",Normal,"  Written code to ImplTypes.g.cs"
"Message",Normal,"  Written code to PInvoke.g.cs"
"Message",Normal,"  Written code to SafeTypes.g.cs"
"Message",Normal,"  Written code to SharedStubs.g.cs"
"Message",Normal,"Running 'GenerateCodeAndCompile' transform, heap at 129 MB."
"Message",High,"Generating serialization code"
"Message",High,"Compiling interop code"
"Message",Normal,"Compiling generated source code: C:\Users\rautt\.nuget\packages\microsoft.net.native.compiler\1.7.0\tools\x86\ilc\csc\csc.exe /noconfig @""C:\Users\rautt\source\repos\T9_Project2\T9_Project2\obj\x86\Release\ilc\intermediate\T9_Project2.McgInterop.rsp"""
"Message",High,"Generating System.Reflection.DispatchProxy proxy code."
"Message",Normal,"Running 'DumpNativeResources' transform, heap at 87 MB."
"Message",Normal,"Running 'ReducedCopyInitialize' transform, heap at 87 MB."
"Message",Normal,"Running 'ReducedCopyEmptyTypes' transform, heap at 107 MB."
"Message",Normal,"Running 'ReducedCopyPopulateTypes' transform, heap at 108 MB."
"Message",Normal,"Running 'ReducedCopyLateMetadata' transform, heap at 117 MB."
"Message",Normal,"Running 'ReducedCopyMethodBodies' transform, heap at 125 MB."
"Message",Normal,"Running 'ReducedCopyComplete' transform, heap at 140 MB."
"Message",Normal,"Running 'ReducedCopyCleanup' transform, heap at 120 MB."
"Message",Normal,"Running 'DeveloperExperienceModeOnlyCodeRemover' transform, heap at 120 MB."
"Message",Normal,"Running 'ComImportDetector' transform, heap at 125 MB."
"Message",Normal,"Running 'McgAccessor' transform, heap at 125 MB."
"Message",Normal,"Running 'McgRedirect' transform, heap at 126 MB."
"Message",Normal,"Running 'McgRedirect' transform, heap at 128 MB."
"Message",Normal,"Running 'McgTypeOf' transform, heap at 128 MB."
"Message",Normal,"Running 'ExceptionMiniaturizer' transform, heap at 130 MB."
"Message",Normal,"Running 'EventSource' transform, heap at 137 MB."
"Message",Normal,"Running 'ValueType' transform, heap at 137 MB."
"Message",Normal,"Running 'Attribute' transform, heap at 137 MB."
"Message",Normal,"Running 'GetType' transform, heap at 137 MB."
"Message",Normal,"Running 'McgFixups' transform, heap at 137 MB."
"Message",Normal,"Running 'ResourceManagerCtor' transform, heap at 138 MB."
"Message",Normal,"Running 'TypeofTypeHandle' transform, heap at 138 MB."
"Message",Normal,"Running 'DispatchProxyIntrinsics' transform, heap at 140 MB."
"Message",Normal,"Running 'StaticInitData' transform, heap at 140 MB."
"Message",Normal,"Running 'StartupCodeInjector' transform, heap at 144 MB."
"Message",Normal,"Running 'InjectAppContextSwitches' transform, heap at 144 MB."
"Message",Normal,"Running 'ImplementLibraryDynamicInvokeHelpers' transform, heap at 144 MB."
"Message",Normal,"Running 'Delegate' transform, heap at 144 MB."
"Message",Normal,"Running 'DelegateCtorCall' transform, heap at 149 MB."
"Message",Normal,"Running 'LazyGenerics' transform, heap at 149 MB."
"Message",Normal,"Running 'AddReflectionBlockedAttributes' transform, heap at 154 MB."
"Message",Normal,"Running 'DisableOptimization' transform, heap at 155 MB."
"Message",Normal,"Running 'CreateMetadata' transform, heap at 155 MB."
"Message",Normal,"Running 'SaveRVAStatics' transform, heap at 160 MB."
"Message",Normal,"Running 'ReflectionInvoke' transform, heap at 160 MB."
"Message",Normal,"Running 'ScrubOpenCalls' transform, heap at 160 MB."
"Message",Normal,"Running 'ConvertCatchIntoFilter' transform, heap at 161 MB."
"Message",Normal,"Running 'ReflectionMappingInfoEmit' transform, heap at 161 MB."
"Message",Normal,"Running 'ConvertManagedWinMD' transform, heap at 161 MB."
"Message",Normal,"Running 'Reducer' transform, heap at 161 MB."
"Message",High,"Cleaning up unreferenced code"
"Message",Normal,"Running 'WriteAssemblies' transform, heap at 195 MB."
"Message",Normal,""
"Message",Normal,"Transform summary"
"Message",Normal,"    ms | heap delta | name"
"Message",Normal,"  3880 |        -42 | GenerateCodeAndCompile"
"Message",Normal,"  2837 |         66 | Analysis"
"Message",Normal,"   516 |        -65 | WriteAssemblies"
"Message",Normal,"   478 |         25 | Mcg"
"Message",Normal,"   342 |         34 | Reducer"
"Message",Normal,"   242 |        -20 | ReducedCopyComplete"
"Message",Normal,"   219 |         20 | ReducedCopyInitialize"
"Message",Normal,"    95 |          5 | CreateMetadata"
"Message",Normal,"    91 |         15 | ReducedCopyMethodBodies"
"Message",Normal,"    68 |          5 | LazyGenerics"
"Message",Normal,"    67 |          9 | ReducedCopyPopulateTypes"
"Message",Normal,"    44 |          8 | ReducedCopyLateMetadata"
"Message",Normal,"    41 |          2 | McgTypeOf"
"Message",Normal,"    32 |          2 | McgRedirect"
"Message",Normal,"    31 |          0 | McgRedirect"
"Message",Normal,"    30 |          4 | StaticInitData"
"Message",Normal,"    18 |          7 | ExceptionMiniaturizer"
"Message",Normal,"    17 |          2 | TypeofTypeHandle"
"Message",Normal,"    13 |          0 | DelegateCtorCall"
"Message",Normal,"    12 |          5 | Delegate"
"Message",Normal,"     9 |          0 | SaveRVAStatics"
"Message",Normal,"     7 |          1 | ReducedCopyEmptyTypes"
"Message",Normal,"     5 |          1 | McgAccessor"
"Message",Normal,"     5 |          5 | DeveloperExperienceModeOnlyCodeRemover"
"Message",Normal,"     4 |          0 | ReducedCopyCleanup"
"Message",Normal,"     4 |          1 | ScrubOpenCalls"
"Message",Normal,"     4 |          1 | McgFixups"
"Message",Normal,"     3 |          0 | DumpNativeResources"
"Message",Normal,"     3 |          0 | StartupCodeInjector"
"Message",Normal,"     3 |          0 | DispatchProxyIntrinsics"
"Message",Normal,"     2 |          0 | ReflectionInvoke"
"Message",Normal,"     2 |          0 | ReflectionMappingInfoEmit"
"Message",Normal,"     2 |          0 | ConvertCatchIntoFilter"
"Message",Normal,"     2 |          0 | GetType"
"Message",Normal,"     1 |          0 | EventSource"
"Message",Normal,"     0 |          0 | ValueType"
"Message",Normal,"     0 |          0 | ResourceManagerCtor"
"Message",Normal,"     0 |          0 | ComImportDetector"
"Message",Normal,"     0 |          0 | ConvertManagedWinMD"
"Message",Normal,"     0 |          0 | DisableOptimization"
"Message",Normal,"     0 |          1 | AddReflectionBlockedAttributes"
"Message",Normal,"     0 |          0 | ImplementLibraryDynamicInvokeHelpers"
"Message",Normal,"     0 |          0 | Attribute"
"Message",Normal,"     0 |          0 | InjectAppContextSwitches"
"Message",Low,"Done executing task ""RunILTransforms""."
"Message",Low,"Done building target ""RunILTransforms"" in file ""ILTransforms""."
"Message",Low,"Done building project ""ILTransforms""."
"Message",Low,""
"Message",Low,""
"Message",Low,"Done building target ""GenerateMDIL"" in file ""Nutc""."
"Message",Low,""
"Message",High,"Generating native code"
"Message",Low,"Done building target ""MDILPrepareMultiFile"" in file ""Nutc""."
"Message",Low,""
"Message",Low,"Done building target ""SetBinaryForReferences"" in file ""Nutc""."
"Message",Low,""
"Message",Low,"Task ""GenerateMDILGlobalAnalysis"""
"Message",Normal,"Launching 'C:\Users\rautt\.nuget\packages\microsoft.net.native.compiler\1.7.0\tools\x86\ilc\Tools\nutc_driver.exe @""C:\Users\rautt\source\repos\T9_Project2\T9_Project2\obj\x86\Release\ilc\intermediate\MDIL\T9_Project2.rsp""'"
"Message",Low,"Microsoft (R) MDIL Compiler - Version 1.7.25531.01"
"Message",Low,"Copyright (c) Microsoft Corporation.  All rights reserved."
"Message",Low,"Scanning input types"
"Message",Low,"Scanning 813 methods."
"Message",Low,"Scanning 772 methods."
"Message",Low,"Scanning 308 methods."
"Message",Low,"Scanning 194 methods."
"Message",Low,"Scanning 1169 methods."
"Message",Low,"Scanning 791 methods."
"Message",Low,"Scanning 341 methods."
"Message",Low,"Scanning 321 methods."
"Message",Low,"Scanning 119 methods."
"Message",Low,"Scanning 36 methods."
"Message",Low,"Scanning 52 methods."
"Message",Low,"Scanning 64 methods."
"Message",Low,"Scanning 85 methods."
"Message",Low,"Scanning 83 methods."
"Message",Low,"Scanning 48 methods."
"Message",Low,"Scanning 38 methods."
"Message",Low,"Scanning 74 methods."
"Message",Low,"Scanning 83 methods."
"Message",Low,"Scanning 117 methods."
"Message",Low,"Scanning 71 methods."
"Message",Low,"Scanning 44 methods."
"Message",Low,"Scanning 4 methods."
"Message",Low,"Eager code generation"
"Message",Low,"Compiling 5627 methods."
"Message",Low,"Deferred code generation"
"Message",Low,"Successfully generated 'C:\Users\rautt\source\repos\T9_Project2\T9_Project2\obj\x86\Release\ilc\intermediate\MDIL\T9_Project2.mdilexe'"
"Message",Low,"Successfully generated 'C:\Users\rautt\source\repos\T9_Project2\T9_Project2\obj\x86\Release\ilc\intermediate\MDIL\T9_Project2.mdilpdb'"
"Message",Normal,"'C:\Users\rautt\.nuget\packages\microsoft.net.native.compiler\1.7.0\tools\x86\ilc\Tools\nutc_driver.exe @""C:\Users\rautt\source\repos\T9_Project2\T9_Project2\obj\x86\Release\ilc\intermediate\MDIL\T9_Project2.rsp""' completed."
"Message",Normal,"Process execution statistics (all times in milliseconds)"
"Message",Normal,"-----------------------------------------------------------------------------"
"Message",Normal,"launch  |  start   |   stop   |   end    | duration | lifetime | [slot] name"
"Message",Normal,"-----------------------------------------------------------------------------"
"Message",Normal,"       0 |       31 |     2812 |     2812 |     2781 |     2812 | [0] Nutc GlobalAnalysis"
"Message",Normal,"Number of commands:      1"
"Message",Normal,"Total system time:       2812 ms"
"Message",Normal,"System time per command: 2812 ms"
"Message",Normal,"Total duration:          2781 ms"
"Message",Normal,"Total lifetime:          2812 ms"
"Message",Normal,"Requested DOP:           8"
"Message",Normal,"Duration DOP:            1.0"
"Message",Normal,"Lifetime DOP:            1.0"
"Message",Low,"Done executing task ""GenerateMDILGlobalAnalysis""."
"Message",Low,"Done building target ""GenerateMDILGlobalAnalysis"" in file ""Nutc""."
"Message",Low,""
"Message",Low,"Task ""rc"""
"Message",Normal,"Launching 'C:\Program Files (x86)\Windows Kits\10\bin\10.0.15063.0\x64\rc.exe /c ""65001"" /r /fo ""C:\Users\rautt\source\repos\T9_Project2\T9_Project2\obj\x86\Release\ilc\intermediate\BuildInfo\BuildInfo.res"" ""C:\Users\rautt\source\repos\T9_Project2\T9_Project2\obj\x86\Release\ilc\intermediate\BuildInfo\BuildInfo.rc""'"
"Message",Low,"Microsoft (R) Windows (R) Resource Compiler Version 10.0.10011.16384"
"Message",Low,"Copyright (C) Microsoft Corporation.  All rights reserved."
"Message",Normal,"'C:\Program Files (x86)\Windows Kits\10\bin\10.0.15063.0\x64\rc.exe /c ""65001"" /r /fo ""C:\Users\rautt\source\repos\T9_Project2\T9_Project2\obj\x86\Release\ilc\intermediate\BuildInfo\BuildInfo.res"" ""C:\Users\rautt\source\repos\T9_Project2\T9_Project2\obj\x86\Release\ilc\intermediate\BuildInfo\BuildInfo.rc""' completed."
"Message",Normal,"Process execution statistics (all times in milliseconds)"
"Message",Normal,"-----------------------------------------------------------------------------"
"Message",Normal,"launch  |  start   |   stop   |   end    | duration | lifetime | [slot] name"
"Message",Normal,"-----------------------------------------------------------------------------"
"Message",Normal,"       0 |        0 |       16 |       16 |       16 |       16 | [0] rc"
"Message",Normal,"Number of commands:      1"
"Message",Normal,"Total system time:       16 ms"
"Message",Normal,"System time per command: 16 ms"
"Message",Normal,"Total duration:          16 ms"
"Message",Normal,"Total lifetime:          16 ms"
"Message",Normal,"Requested DOP:           8"
"Message",Normal,"Duration DOP:            1.0"
"Message",Normal,"Lifetime DOP:            1.0"
"Message",Low,"Done executing task ""rc""."
"Message",Low,"Task ""ResourceBinaryConcatenate"""
"Message",Normal,"Concatenating into 'C:\Users\rautt\source\repos\T9_Project2\T9_Project2\obj\x86\Release\ilc\intermediate\Native.res' with alignment '4'."
"Message",Normal," Added 'C:\Users\rautt\source\repos\T9_Project2\T9_Project2\obj\x86\Release\ilc\intermediate\ILTransformed\T9_Project2.res' at offset 0."
"Message",Normal," Added 'C:\Users\rautt\source\repos\T9_Project2\T9_Project2\obj\x86\Release\ilc\intermediate\BuildInfo\BuildInfo.res' at offset 1400."
"Message",Low,"Done executing task ""ResourceBinaryConcatenate""."
"Message",Low,"Done building target ""GenerateBuildInfo"" in file ""Nutc""."
"Message",Low,"Done building project ""Nutc""."
"Message",Low,""
"Message",Low,""
"Message",Low,"Done building target ""MDILBindPrepare"" in file ""Binder""."
"Message",Low,""
"Message",High,"Generating fixups for native code"
"Message",Low,"Task ""MDILBind"""
"Message",Normal,"Launching 'C:\Users\rautt\.nuget\packages\microsoft.net.native.compiler\1.7.0\tools\x86\ilc\Tools\rhbind.exe @""C:\Users\rautt\source\repos\T9_Project2\T9_Project2\obj\x86\Release\ilc\intermediate\rhbindargs.T9_Project2.rsp""'"
"Message",Low,"OS VERSION: major: 6  minor: 2"
"Message",Low,"MDIL: C:\Users\rautt\source\repos\T9_Project2\T9_Project2\obj\x86\Release\ilc\intermediate\MDIL\T9_Project2.mdilexe"
"Message",Low,"MDILPDB: C:\Users\rautt\source\repos\T9_Project2\T9_Project2\obj\x86\Release\ilc\intermediate\MDIL\T9_Project2.mdilpdb"
"Message",Low,"IL: C:\Users\rautt\source\repos\T9_Project2\T9_Project2\obj\x86\Release\ilc\intermediate\MDIL\T9_Project2.ilexe"
"Message",Low,"NI: C:\Users\rautt\source\repos\T9_Project2\T9_Project2\obj\x86\Release\ilc\intermediate\Native\T9_Project2.dll"
"Message",Low,"SHIM: C:\Users\rautt\source\repos\T9_Project2\T9_Project2\obj\x86\Release\ilc\intermediate\Native\T9_Project2.exe"
"Message",Low,"REDHAWK_RUNTIME_DLL_NAME_A=mrt100_app.dll"
"Message",Low,"pdb: C:\Users\rautt\source\repos\T9_Project2\T9_Project2\obj\x86\Release\ilc\intermediate\Native\T9_Project2.pdb"
"Message",Low,"Produced C:\Users\rautt\source\repos\T9_Project2\T9_Project2\obj\x86\Release\ilc\intermediate\Native\T9_Project2.dll in 0.350 seconds"
"Message",Normal,"'C:\Users\rautt\.nuget\packages\microsoft.net.native.compiler\1.7.0\tools\x86\ilc\Tools\rhbind.exe @""C:\Users\rautt\source\repos\T9_Project2\T9_Project2\obj\x86\Release\ilc\intermediate\rhbindargs.T9_Project2.rsp""' completed."
"Message",Normal,"Process execution statistics (all times in milliseconds)"
"Message",Normal,"-----------------------------------------------------------------------------"
"Message",Normal,"launch  |  start   |   stop   |   end    | duration | lifetime | [slot] name"
"Message",Normal,"-----------------------------------------------------------------------------"
"Message",Normal,"       0 |       62 |      437 |      437 |      375 |      437 | [0] rhbind T9_Project2"
"Message",Normal,"Number of commands:      1"
"Message",Normal,"Total system time:       437 ms"
"Message",Normal,"System time per command: 437 ms"
"Message",Normal,"Total duration:          375 ms"
"Message",Normal,"Total lifetime:          437 ms"
"Message",Normal,"Requested DOP:           8"
"Message",Normal,"Duration DOP:            0.9"
"Message",Normal,"Lifetime DOP:            1.0"
"Message",Low,"Done executing task ""MDILBind""."
"Message",Low,"Done building target ""MDILBind"" in file ""Binder""."
"Message",Low,"Done building project ""Binder""."
"Message",Low,""
"Message",Low,""
"Message",Low,"Done building target ""CopyNativeExecutablesToOutput"" in file ""Deployment""."
"Message",Low,""
"Message",Low,"Task ""TransformAppxManifest"""
"Message",Low,"Done executing task ""TransformAppxManifest""."
"Message",Low,"Done building target ""TransformAppxManifestAndAddCrt"" in file ""Deployment""."
"Message",Low,""
"Message",Low,"Done building target ""CopyPackageResourceFileInRetailBuild"" in file ""Deployment""."
"Message",Low,"Done building project ""Deployment""."
"Message",Low,"Compilation finished"
